{
    "catalogo": [
        {
            "id": 1,
            "nome": "Bolinha",
            "idade": 3,
            "raça": "Vira-lata"
        },
        {
            "id": 2,
            "nome": "Rex",
            "idade": 5,
            "raça": "Vira-lata"
        },
        {
            "id": 3,
            "nome": "Fofinho",
            "idade": 2,
            "raça": "Poodle"
        },
        {
            "id": 4,
            "nome": "Thor",
            "idade": 4,
            "raça": "Vira-lata"
        },
        {
            "id": 5,
            "nome": "Mel",
            "idade": 1,
            "raça": "Vira-lata"
        },
        {
            "id": 6,
            "nome": "Luna",
            "idade": 7,
            "raça": "Vira-lata"
        },
        {
            "id": 7,
            "nome": "Marley",
            "idade": 6,
            "raça": "Vira-lata"
        },
        {
            "id": 8,
            "nome": "Bela",
            "idade": 2,
            "raça": "Vira-lata"
        },
        {
            "id": 9,
            "nome": "Bobby",
            "idade": 3,
            "raça": "Vira-lata"
        },
        {
            "id": 10,
            "nome": "Lola",
            "idade": 4,
            "raça": "Dálmata"
        },
        {
            "id": 11,
            "nome": "Cacau",
            "idade": 5,
            "raça": "Vira-lata"
        },
        {
            "id": 12,
            "nome": "Pipoca",
            "idade": 2,
            "raça": "Vira-lata"
        },
        {
            "id": 13,
            "nome": "Nina",
            "idade": 6,
            "raça": "Vira-lata"
        },
        {
            "id": 14,
            "nome": "Buddy",
            "idade": 1,
            "raça": "Vira-lata"
        },
        {
            "id": 15,
            "nome": "Lucky",
            "idade": 4,
            "raça": "Vira-lata"
        },
        {
            "id": 16,
            "nome": "Duque",
            "idade": 3,
            "raça": "Vira-lata"
        },
        {
            "id": 17,
            "nome": "Pingo",
            "idade": 2,
            "raça": "Vira-lata"
        },
        {
            "id": 18,
            "nome": "Chico",
            "idade": 5,
            "raça": "Vira-lata"
        },
        {
            "id": 19,
            "nome": "Spike",
            "idade": 7,
            "raça": "Vira-lata"
        },
        {
            "id": 20,
            "nome": "Xuxa",
            "idade": 3,
            "raça": "Vira-lata"
        },
        {
            "id": 21,
            "nome": "Maya",
            "idade": 4,
            "raça": "Vira-lata"
        },
        {
            "id": 22,
            "nome": "Toby",
            "idade": 2,
            "raça": "Vira-lata"
        },
        {
            "id": 23,
            "nome": "Zeus",
            "idade": 6,
            "raça": "Vira-lata"
        },
        {
            "id": 24,
            "nome": "Scooby",
            "idade": 1,
            "raça": "Vira-lata"
        },
        {
            "id": 25,
            "nome": "Princesa",
            "idade": 5,
            "raça": "Vira-lata"
        },
        {
            "id": 26,
            "nome": "Brisa",
            "idade": 4,
            "raça": "Vira-lata"
        },
        {
            "id": 27,
            "nome": "Rufus",
            "idade": 3,
            "raça": "Vira-lata"
        }
    ]
}
